county,year,naics,emp,est,n1_4,n5_9,n10_19,n20_49,n50_99,n100_249,n250_499,n500_999,n1000,n1000_1,n1000_2,n1000_3,n1000_4
CAMPO,2010,111219,68,1,0,0,0,0,1,0,0,0,0,0,0,0,0
CAMPO,2010,111421,102,2,0,0,1,0,1,0,0,0,0,0,0,0,0
CAMPO,2010,111422,21,3,2,0,1,0,0,0,0,0,0,0,0,0,0
CAMPO,2010,113110,185,1,0,0,0,0,0,1,0,0,0,0,0,0,0
CAMPO,2010,113310,41,4,3,0,0,1,0,0,0,0,0,0,0,0,0
CAMPO,2010,115112,3,1,1,0,0,0,0,0,0,0,0,0,0,0,0
CAMPO,2010,115113,2,1,1,0,0,0,0,0,0,0,0,0,0,0,0
CAMPO,2010,115210,11,2,0,2,0,0,0,0,0,0,0,0,0,0,0
CAMPO,2010,115310,33,5,3,1,0,1,0,0,0,0,0,0,0,0,0
CAMPO,2010,221122,53,1,0,0,0,0,1,0,0,0,0,0,0,0,0
CAMPO,2010,221310,1,1,1,0,0,0,0,0,0,0,0,0,0,0,0
CAMPO,2010,236115,38,21,19,2,0,0,0,0,0,0,0,0,0,0,0
CAMPO,2010,236118,89,19,12,4,3,0,0,0,0,0,0,0,0,0,0
CAMPO,2010,236210,135,1,0,0,0,0,0,1,0,0,0,0,0,0,0
CAMPO,2010,236220,113,10,5,2,1,2,0,0,0,0,0,0,0,0,0
CAMPO,2010,237110,7,3,3,0,0,0,0,0,0,0,0,0,0,0,0
CAMPO,2010,237210,6,4,4,0,0,0,0,0,0,0,0,0,0,0,0
CAMPO,2010,237310,52,2,0,0,0,2,0,0,0,0,0,0,0,0,0
CAMPO,2010,237990,8,1,0,1,0,0,0,0,0,0,0,0,0,0,0
CAMPO,2010,238111,4,1,1,0,0,0,0,0,0,0,0,0,0,0,0
CAMPO,2010,238131,2,1,1,0,0,0,0,0,0,0,0,0,0,0,0
CAMPO,2010,238142,10,1,0,0,1,0,0,0,0,0,0,0,0,0,0
CAMPO,2010,238161,22,1,0,0,0,1,0,0,0,0,0,0,0,0,0
CAMPO,2010,238211,30,4,2,1,1,0,0,0,0,0,0,0,0,0,0
CAMPO,2010,238212,19,4,2,2,0,0,0,0,0,0,0,0,0,0,0
CAMPO,2010,238221,81,10,6,2,1,1,0,0,0,0,0,0,0,0,0
CAMPO,2010,238222,18,3,2,0,1,0,0,0,0,0,0,0,0,0,0
CAMPO,2010,238311,3,3,3,0,0,0,0,0,0,0,0,0,0,0,0
CAMPO,2010,238321,8,4,4,0,0,0,0,0,0,0,0,0,0,0,0
CAMPO,2010,238341,5,2,2,0,0,0,0,0,0,0,0,0,0,0,0
CAMPO,2010,238351,21,6,5,1,0,0,0,0,0,0,0,0,0,0,0
CAMPO,2010,238391,4,1,1,0,0,0,0,0,0,0,0,0,0,0,0
CAMPO,2010,238911,16,2,1,0,1,0,0,0,0,0,0,0,0,0,0
CAMPO,2010,238912,30,2,1,0,0,1,0,0,0,0,0,0,0,0,0
CAMPO,2010,238991,8,5,5,0,0,0,0,0,0,0,0,0,0,0,0
CAMPO,2010,238992,11,2,1,1,0,0,0,0,0,0,0,0,0,0,0
CAMPO,2010,311330,10,1,0,0,1,0,0,0,0,0,0,0,0,0,0
CAMPO,2010,311520,2,1,1,0,0,0,0,0,0,0,0,0,0,0,0
CAMPO,2010,311811,32,4,2,0,2,0,0,0,0,0,0,0,0,0,0
CAMPO,2010,311812,1,1,1,0,0,0,0,0,0,0,0,0,0,0,0
CAMPO,2010,312120,3,1,1,0,0,0,0,0,0,0,0,0,0,0,0
CAMPO,2010,312130,7,1,0,1,0,0,0,0,0,0,0,0,0,0,0
CAMPO,2010,321113,127,2,0,0,0,1,1,0,0,0,0,0,0,0,0
CAMPO,2010,321213,6,1,0,1,0,0,0,0,0,0,0,0,0,0,0
CAMPO,2010,322299,55,1,0,0,0,0,1,0,0,0,0,0,0,0,0
CAMPO,2010,323110,46,4,0,3,0,1,0,0,0,0,0,0,0,0,0
CAMPO,2010,323113,11,2,1,1,0,0,0,0,0,0,0,0,0,0,0
CAMPO,2010,323122,1,1,1,0,0,0,0,0,0,0,0,0,0,0,0
CAMPO,2010,325212,23,1,0,0,0,1,0,0,0,0,0,0,0,0,0
CAMPO,2010,325314,1,1,1,0,0,0,0,0,0,0,0,0,0,0,0
CAMPO,2010,325413,3,1,1,0,0,0,0,0,0,0,0,0,0,0,0
CAMPO,2010,326199,29,2,0,1,0,1,0,0,0,0,0,0,0,0,0
CAMPO,2010,327112,4,1,1,0,0,0,0,0,0,0,0,0,0,0,0
CAMPO,2010,327212,125,1,0,0,0,0,0,1,0,0,0,0,0,0,0
CAMPO,2010,327215,1,1,1,0,0,0,0,0,0,0,0,0,0,0,0
CAMPO,2010,327331,3,1,1,0,0,0,0,0,0,0,0,0,0,0,0
CAMPO,2010,327420,16,1,0,0,1,0,0,0,0,0,0,0,0,0,0
CAMPO,2010,332213,3,1,1,0,0,0,0,0,0,0,0,0,0,0,0
CAMPO,2010,332510,1,1,1,0,0,0,0,0,0,0,0,0,0,0,0
CAMPO,2010,332710,31,5,2,2,1,0,0,0,0,0,0,0,0,0,0
CAMPO,2010,333210,26,1,0,0,0,1,0,0,0,0,0,0,0,0,0
CAMPO,2010,333298,70,2,1,0,0,0,1,0,0,0,0,0,0,0,0
CAMPO,2010,333512,3,1,1,0,0,0,0,0,0,0,0,0,0,0,0
CAMPO,2010,333924,0,0,0,0,0,0,0,0,0,0,0,0,0,0,0
CAMPO,2010,333994,0,0,0,0,0,0,0,0,0,0,0,0,0,0,0
CAMPO,2010,333999,102,1,0,0,0,0,0,1,0,0,0,0,0,0,0
CAMPO,2010,334111,2,1,1,0,0,0,0,0,0,0,0,0,0,0,0
CAMPO,2010,334119,108,2,0,0,0,1,1,0,0,0,0,0,0,0,0
CAMPO,2010,334220,9,1,0,1,0,0,0,0,0,0,0,0,0,0,0
CAMPO,2010,334413,1992,2,0,1,0,0,0,0,0,0,1,0,0,0,0
CAMPO,2010,334419,12,1,0,0,1,0,0,0,0,0,0,0,0,0,0
CAMPO,2010,334516,48,2,0,1,0,1,0,0,0,0,0,0,0,0,0
CAMPO,2010,336312,2,1,1,0,0,0,0,0,0,0,0,0,0,0,0
CAMPO,2010,337110,13,2,1,0,1,0,0,0,0,0,0,0,0,0,0
CAMPO,2010,337211,12,1,0,0,1,0,0,0,0,0,0,0,0,0,0
CAMPO,2010,339113,3,1,1,0,0,0,0,0,0,0,0,0,0,0,0
CAMPO,2010,339116,118,4,2,0,1,0,0,1,0,0,0,0,0,0,0
CAMPO,2010,339911,1,1,1,0,0,0,0,0,0,0,0,0,0,0,0
CAMPO,2010,339932,3,2,2,0,0,0,0,0,0,0,0,0,0,0,0
CAMPO,2010,339942,8,1,0,1,0,0,0,0,0,0,0,0,0,0,0
CAMPO,2010,339950,3,1,1,0,0,0,0,0,0,0,0,0,0,0,0
CAMPO,2010,339992,4,1,1,0,0,0,0,0,0,0,0,0,0,0,0
CAMPO,2010,423210,4,1,1,0,0,0,0,0,0,0,0,0,0,0,0
CAMPO,2010,423310,5,1,0,1,0,0,0,0,0,0,0,0,0,0,0
CAMPO,2010,423320,6,1,0,1,0,0,0,0,0,0,0,0,0,0,0
CAMPO,2010,423420,1,1,1,0,0,0,0,0,0,0,0,0,0,0,0
CAMPO,2010,423430,1,1,1,0,0,0,0,0,0,0,0,0,0,0,0
CAMPO,2010,423440,2,1,1,0,0,0,0,0,0,0,0,0,0,0,0
CAMPO,2010,423510,7,1,0,1,0,0,0,0,0,0,0,0,0,0,0
CAMPO,2010,423610,5,1,0,1,0,0,0,0,0,0,0,0,0,0,0
CAMPO,2010,423690,76,4,2,0,0,2,0,0,0,0,0,0,0,0,0
CAMPO,2010,423820,20,2,0,1,1,0,0,0,0,0,0,0,0,0,0
CAMPO,2010,423830,7,3,3,0,0,0,0,0,0,0,0,0,0,0,0
CAMPO,2010,423840,10,1,0,0,1,0,0,0,0,0,0,0,0,0,0
CAMPO,2010,423850,4,1,1,0,0,0,0,0,0,0,0,0,0,0,0
CAMPO,2010,423990,8,1,0,1,0,0,0,0,0,0,0,0,0,0,0
CAMPO,2010,424210,1,1,1,0,0,0,0,0,0,0,0,0,0,0,0
CAMPO,2010,424490,88,2,1,0,0,0,1,0,0,0,0,0,0,0,0
CAMPO,2010,424690,12,2,1,1,0,0,0,0,0,0,0,0,0,0,0
CAMPO,2010,424910,11,2,1,1,0,0,0,0,0,0,0,0,0,0,0
CAMPO,2010,425120,59,25,23,1,1,0,0,0,0,0,0,0,0,0,0
CAMPO,2010,441110,212,6,0,0,1,4,1,0,0,0,0,0,0,0,0
CAMPO,2010,441120,12,5,4,1,0,0,0,0,0,0,0,0,0,0,0
CAMPO,2010,441221,10,1,0,0,1,0,0,0,0,0,0,0,0,0,0
CAMPO,2010,441222,2,1,1,0,0,0,0,0,0,0,0,0,0,0,0
CAMPO,2010,441310,79,7,3,1,2,1,0,0,0,0,0,0,0,0,0
CAMPO,2010,441320,51,5,1,2,2,0,0,0,0,0,0,0,0,0,0
CAMPO,2010,442110,51,6,3,1,1,1,0,0,0,0,0,0,0,0,0
CAMPO,2010,442210,22,3,0,2,1,0,0,0,0,0,0,0,0,0,0
CAMPO,2010,442291,6,1,0,1,0,0,0,0,0,0,0,0,0,0,0
CAMPO,2010,442299,33,7,6,0,0,1,0,0,0,0,0,0,0,0,0
CAMPO,2010,443111,22,3,1,1,1,0,0,0,0,0,0,0,0,0,0
CAMPO,2010,443112,37,7,4,2,1,0,0,0,0,0,0,0,0,0,0
CAMPO,2010,443120,16,3,1,2,0,0,0,0,0,0,0,0,0,0,0
CAMPO,2010,443130,4,1,1,0,0,0,0,0,0,0,0,0,0,0,0
CAMPO,2010,444110,140,2,0,0,0,1,0,1,0,0,0,0,0,0,0
CAMPO,2010,444120,14,2,0,2,0,0,0,0,0,0,0,0,0,0,0
CAMPO,2010,444130,26,5,3,2,0,0,0,0,0,0,0,0,0,0,0
CAMPO,2010,444190,2,1,1,0,0,0,0,0,0,0,0,0,0,0,0
CAMPO,2010,444210,3,1,1,0,0,0,0,0,0,0,0,0,0,0,0
CAMPO,2010,444220,55,6,1,3,1,1,0,0,0,0,0,0,0,0,0
CAMPO,2010,445110,789,13,1,0,1,4,4,3,0,0,0,0,0,0,0
CAMPO,2010,445120,69,11,4,5,2,0,0,0,0,0,0,0,0,0,0
CAMPO,2010,445220,2,1,1,0,0,0,0,0,0,0,0,0,0,0,0
CAMPO,2010,445299,48,4,0,1,3,0,0,0,0,0,0,0,0,0,0
CAMPO,2010,445310,38,7,3,3,1,0,0,0,0,0,0,0,0,0,0
CAMPO,2010,446110,68,4,1,1,0,2,0,0,0,0,0,0,0,0,0
CAMPO,2010,446120,5,1,0,1,0,0,0,0,0,0,0,0,0,0,0
CAMPO,2010,446130,1,1,1,0,0,0,0,0,0,0,0,0,0,0,0
CAMPO,2010,446191,12,3,2,1,0,0,0,0,0,0,0,0,0,0,0
CAMPO,2010,446199,5,1,0,1,0,0,0,0,0,0,0,0,0,0,0
CAMPO,2010,447110,40,5,0,3,2,0,0,0,0,0,0,0,0,0,0
CAMPO,2010,447190,30,5,2,3,0,0,0,0,0,0,0,0,0,0,0
CAMPO,2010,448110,7,1,0,1,0,0,0,0,0,0,0,0,0,0,0
CAMPO,2010,448120,60,7,2,2,3,0,0,0,0,0,0,0,0,0,0
CAMPO,2010,448130,5,2,2,0,0,0,0,0,0,0,0,0,0,0,0
CAMPO,2010,448140,49,2,0,1,0,1,0,0,0,0,0,0,0,0,0
CAMPO,2010,448150,4,1,1,0,0,0,0,0,0,0,0,0,0,0,0
CAMPO,2010,448190,12,2,1,1,0,0,0,0,0,0,0,0,0,0,0
CAMPO,2010,448210,68,8,1,5,1,1,0,0,0,0,0,0,0,0,0
CAMPO,2010,448310,22,5,2,3,0,0,0,0,0,0,0,0,0,0,0
CAMPO,2010,451110,81,8,4,0,3,1,0,0,0,0,0,0,0,0,0
CAMPO,2010,451120,83,7,2,2,1,2,0,0,0,0,0,0,0,0,0
CAMPO,2010,451130,34,5,1,3,1,0,0,0,0,0,0,0,0,0,0
CAMPO,2010,451140,18,3,2,0,1,0,0,0,0,0,0,0,0,0,0
CAMPO,2010,451211,165,6,2,1,1,1,0,1,0,0,0,0,0,0,0
CAMPO,2010,452112,209,4,0,0,0,3,1,0,0,0,0,0,0,0,0
CAMPO,2010,452910,182,1,0,0,0,0,0,1,0,0,0,0,0,0,0
CAMPO,2010,452990,28,4,2,0,2,0,0,0,0,0,0,0,0,0,0
CAMPO,2010,453110,12,3,1,2,0,0,0,0,0,0,0,0,0,0,0
CAMPO,2010,453210,54,3,0,0,1,2,0,0,0,0,0,0,0,0,0
CAMPO,2010,453220,32,3,0,2,1,0,0,0,0,0,0,0,0,0,0
CAMPO,2010,453310,63,8,3,3,1,1,0,0,0,0,0,0,0,0,0
CAMPO,2010,453910,40,3,0,1,1,1,0,0,0,0,0,0,0,0,0
CAMPO,2010,453920,1,1,1,0,0,0,0,0,0,0,0,0,0,0,0
CAMPO,2010,453991,6,2,1,1,0,0,0,0,0,0,0,0,0,0,0
CAMPO,2010,453998,25,4,1,3,0,0,0,0,0,0,0,0,0,0,0
CAMPO,2010,454111,5,3,3,0,0,0,0,0,0,0,0,0,0,0,0
CAMPO,2010,454113,4,1,1,0,0,0,0,0,0,0,0,0,0,0,0
CAMPO,2010,454210,5,1,0,1,0,0,0,0,0,0,0,0,0,0,0
CAMPO,2010,454312,15,2,1,0,1,0,0,0,0,0,0,0,0,0,0
CAMPO,2010,454390,1,1,1,0,0,0,0,0,0,0,0,0,0,0,0
CAMPO,2010,481212,71,2,0,1,0,0,1,0,0,0,0,0,0,0,0
CAMPO,2010,484110,38,2,1,0,0,1,0,0,0,0,0,0,0,0,0
CAMPO,2010,484121,25,4,2,1,1,0,0,0,0,0,0,0,0,0,0
CAMPO,2010,484210,15,2,1,0,1,0,0,0,0,0,0,0,0,0,0
CAMPO,2010,484220,17,1,0,0,1,0,0,0,0,0,0,0,0,0,0
CAMPO,2010,485310,5,1,0,1,0,0,0,0,0,0,0,0,0,0,0
CAMPO,2010,485410,23,2,0,1,1,0,0,0,0,0,0,0,0,0,0
CAMPO,2010,485991,20,1,0,0,0,1,0,0,0,0,0,0,0,0,0
CAMPO,2010,485999,0,0,0,0,0,0,0,0,0,0,0,0,0,0,0
CAMPO,2010,488119,26,1,0,0,0,1,0,0,0,0,0,0,0,0,0
CAMPO,2010,488190,1,1,1,0,0,0,0,0,0,0,0,0,0,0,0
CAMPO,2010,488410,22,2,0,1,1,0,0,0,0,0,0,0,0,0,0
CAMPO,2010,488510,1,1,1,0,0,0,0,0,0,0,0,0,0,0,0
CAMPO,2010,491110,98,2,0,0,1,0,1,0,0,0,0,0,0,0,0
CAMPO,2010,492110,23,1,0,0,0,1,0,0,0,0,0,0,0,0,0
CAMPO,2010,492210,0,0,0,0,0,0,0,0,0,0,0,0,0,0,0
CAMPO,2010,493190,2,1,1,0,0,0,0,0,0,0,0,0,0,0,0
CAMPO,2010,511120,33,2,1,0,0,1,0,0,0,0,0,0,0,0,0
CAMPO,2010,511130,6,1,0,1,0,0,0,0,0,0,0,0,0,0,0
CAMPO,2010,511210,269,16,5,4,3,3,0,1,0,0,0,0,0,0,0
CAMPO,2010,512110,3,2,2,0,0,0,0,0,0,0,0,0,0,0,0
CAMPO,2010,512120,1,1,1,0,0,0,0,0,0,0,0,0,0,0,0
CAMPO,2010,512131,46,3,1,0,1,1,0,0,0,0,0,0,0,0,0
CAMPO,2010,512230,3,1,1,0,0,0,0,0,0,0,0,0,0,0,0
CAMPO,2010,515111,9,2,1,1,0,0,0,0,0,0,0,0,0,0,0
CAMPO,2010,517110,171,8,4,1,0,1,2,0,0,0,0,0,0,0,0
CAMPO,2010,518210,263,4,3,0,0,0,0,0,1,0,0,0,0,0,0
CAMPO,2010,519130,13,6,5,1,0,0,0,0,0,0,0,0,0,0,0
CAMPO,2010,522110,185,17,4,6,6,0,1,0,0,0,0,0,0,0,0
CAMPO,2010,522120,5,1,0,1,0,0,0,0,0,0,0,0,0,0,0
CAMPO,2010,522130,173,6,0,3,0,2,0,1,0,0,0,0,0,0,0
CAMPO,2010,522220,0,0,0,0,0,0,0,0,0,0,0,0,0,0,0
CAMPO,2010,522292,4,2,2,0,0,0,0,0,0,0,0,0,0,0,0
CAMPO,2010,522293,8,1,0,1,0,0,0,0,0,0,0,0,0,0,0
CAMPO,2010,522310,1,1,1,0,0,0,0,0,0,0,0,0,0,0,0
CAMPO,2010,523120,43,13,12,0,1,0,0,0,0,0,0,0,0,0,0
CAMPO,2010,523920,6,3,3,0,0,0,0,0,0,0,0,0,0,0,0
CAMPO,2010,523930,14,7,6,1,0,0,0,0,0,0,0,0,0,0,0
CAMPO,2010,524126,1,1,1,0,0,0,0,0,0,0,0,0,0,0,0
CAMPO,2010,524127,14,3,2,1,0,0,0,0,0,0,0,0,0,0,0
CAMPO,2010,524210,116,30,25,2,2,1,0,0,0,0,0,0,0,0,0
CAMPO,2010,531110,104,27,20,4,3,0,0,0,0,0,0,0,0,0,0
CAMPO,2010,531120,7,4,4,0,0,0,0,0,0,0,0,0,0,0,0
CAMPO,2010,531130,9,3,3,0,0,0,0,0,0,0,0,0,0,0,0
CAMPO,2010,531190,10,3,2,1,0,0,0,0,0,0,0,0,0,0,0
CAMPO,2010,531210,75,26,20,4,2,0,0,0,0,0,0,0,0,0,0
CAMPO,2010,531311,105,19,12,3,3,1,0,0,0,0,0,0,0,0,0
CAMPO,2010,531312,4,1,1,0,0,0,0,0,0,0,0,0,0,0,0
CAMPO,2010,531320,4,2,2,0,0,0,0,0,0,0,0,0,0,0,0
CAMPO,2010,532111,10,1,0,0,1,0,0,0,0,0,0,0,0,0,0
CAMPO,2010,532120,11,1,0,0,1,0,0,0,0,0,0,0,0,0,0
CAMPO,2010,532230,21,3,1,2,0,0,0,0,0,0,0,0,0,0,0
CAMPO,2010,532291,6,1,0,1,0,0,0,0,0,0,0,0,0,0,0
CAMPO,2010,532292,0,0,0,0,0,0,0,0,0,0,0,0,0,0,0
CAMPO,2010,532310,8,2,1,1,0,0,0,0,0,0,0,0,0,0,0
CAMPO,2010,532412,5,1,0,1,0,0,0,0,0,0,0,0,0,0,0
CAMPO,2010,541110,107,29,22,4,3,0,0,0,0,0,0,0,0,0,0
CAMPO,2010,541191,12,2,0,2,0,0,0,0,0,0,0,0,0,0,0
CAMPO,2010,541211,93,14,7,5,1,1,0,0,0,0,0,0,0,0,0
CAMPO,2010,541213,8,3,3,0,0,0,0,0,0,0,0,0,0,0,0
CAMPO,2010,541214,3,1,1,0,0,0,0,0,0,0,0,0,0,0,0
CAMPO,2010,541219,26,11,10,0,1,0,0,0,0,0,0,0,0,0,0
CAMPO,2010,541310,5,4,4,0,0,0,0,0,0,0,0,0,0,0,0
CAMPO,2010,541320,5,1,0,1,0,0,0,0,0,0,0,0,0,0,0
CAMPO,2010,541330,513,33,25,1,3,3,0,0,1,0,0,0,0,0,0
CAMPO,2010,541350,3,1,1,0,0,0,0,0,0,0,0,0,0,0,0
CAMPO,2010,541360,8,2,2,0,0,0,0,0,0,0,0,0,0,0,0
CAMPO,2010,541370,8,1,0,1,0,0,0,0,0,0,0,0,0,0,0
CAMPO,2010,541380,37,4,1,2,0,1,0,0,0,0,0,0,0,0,0
CAMPO,2010,541430,12,4,3,1,0,0,0,0,0,0,0,0,0,0,0
CAMPO,2010,541511,81,15,10,3,1,1,0,0,0,0,0,0,0,0,0
CAMPO,2010,541512,54,15,11,4,0,0,0,0,0,0,0,0,0,0,0
CAMPO,2010,541519,0,0,0,0,0,0,0,0,0,0,0,0,0,0,0
CAMPO,2010,541611,18,8,7,1,0,0,0,0,0,0,0,0,0,0,0
CAMPO,2010,541612,3,2,2,0,0,0,0,0,0,0,0,0,0,0,0
CAMPO,2010,541613,9,5,5,0,0,0,0,0,0,0,0,0,0,0,0
CAMPO,2010,541620,91,11,8,0,0,3,0,0,0,0,0,0,0,0,0
CAMPO,2010,541690,40,13,12,0,0,1,0,0,0,0,0,0,0,0,0
CAMPO,2010,541711,46,2,0,1,0,1,0,0,0,0,0,0,0,0,0
CAMPO,2010,541712,191,18,11,3,1,1,2,0,0,0,0,0,0,0,0
CAMPO,2010,541720,2,2,2,0,0,0,0,0,0,0,0,0,0,0,0
CAMPO,2010,541810,1,1,1,0,0,0,0,0,0,0,0,0,0,0,0
CAMPO,2010,541820,1,1,1,0,0,0,0,0,0,0,0,0,0,0,0
CAMPO,2010,541840,1,1,1,0,0,0,0,0,0,0,0,0,0,0,0
CAMPO,2010,541890,2,1,1,0,0,0,0,0,0,0,0,0,0,0,0
CAMPO,2010,541910,30,1,0,0,0,1,0,0,0,0,0,0,0,0,0
CAMPO,2010,541921,10,2,1,1,0,0,0,0,0,0,0,0,0,0,0
CAMPO,2010,541922,4,1,1,0,0,0,0,0,0,0,0,0,0,0,0
CAMPO,2010,541930,50,2,1,0,0,1,0,0,0,0,0,0,0,0,0
CAMPO,2010,541940,136,9,2,1,4,2,0,0,0,0,0,0,0,0,0
CAMPO,2010,541990,13,3,2,0,1,0,0,0,0,0,0,0,0,0,0
CAMPO,2010,551112,1,1,1,0,0,0,0,0,0,0,0,0,0,0,0
CAMPO,2010,551114,701,9,3,1,4,0,0,0,0,1,0,0,0,0,0
CAMPO,2010,561110,18,5,4,0,1,0,0,0,0,0,0,0,0,0,0
CAMPO,2010,561210,83,3,0,0,1,1,1,0,0,0,0,0,0,0,0
CAMPO,2010,561311,5,1,0,1,0,0,0,0,0,0,0,0,0,0,0
CAMPO,2010,561320,290,8,3,1,0,2,1,1,0,0,0,0,0,0,0
CAMPO,2010,561330,7,1,0,1,0,0,0,0,0,0,0,0,0,0,0
CAMPO,2010,561410,3,2,2,0,0,0,0,0,0,0,0,0,0,0,0
CAMPO,2010,561431,11,3,2,1,0,0,0,0,0,0,0,0,0,0,0
CAMPO,2010,561439,8,1,0,1,0,0,0,0,0,0,0,0,0,0,0
CAMPO,2010,561510,12,2,0,2,0,0,0,0,0,0,0,0,0,0,0
CAMPO,2010,561591,4,1,1,0,0,0,0,0,0,0,0,0,0,0,0
CAMPO,2010,561599,9,1,0,1,0,0,0,0,0,0,0,0,0,0,0
CAMPO,2010,561612,31,2,0,1,0,1,0,0,0,0,0,0,0,0,0
CAMPO,2010,561710,12,1,0,0,1,0,0,0,0,0,0,0,0,0,0
CAMPO,2010,561720,279,13,6,2,2,0,3,0,0,0,0,0,0,0,0
CAMPO,2010,561730,71,19,12,7,0,0,0,0,0,0,0,0,0,0,0
CAMPO,2010,561740,10,3,2,1,0,0,0,0,0,0,0,0,0,0,0
CAMPO,2010,561790,0,0,0,0,0,0,0,0,0,0,0,0,0,0,0
CAMPO,2010,561990,6,1,0,1,0,0,0,0,0,0,0,0,0,0,0
CAMPO,2010,562111,54,1,0,0,0,0,1,0,0,0,0,0,0,0,0
CAMPO,2010,562910,24,2,1,0,0,1,0,0,0,0,0,0,0,0,0
CAMPO,2010,611110,1460,27,0,0,0,17,8,2,0,0,0,0,0,0,0
CAMPO,2010,611310,5148,2,1,0,0,0,0,0,0,0,0,0,1,0,0
CAMPO,2010,611420,3,1,1,0,0,0,0,0,0,0,0,0,0,0,0
CAMPO,2010,611430,2,2,2,0,0,0,0,0,0,0,0,0,0,0,0
CAMPO,2010,611511,9,1,0,1,0,0,0,0,0,0,0,0,0,0,0
CAMPO,2010,611512,7,1,0,1,0,0,0,0,0,0,0,0,0,0,0
CAMPO,2010,611513,8,1,0,1,0,0,0,0,0,0,0,0,0,0,0
CAMPO,2010,611519,7,3,3,0,0,0,0,0,0,0,0,0,0,0,0
CAMPO,2010,611610,19,6,5,1,0,0,0,0,0,0,0,0,0,0,0
CAMPO,2010,611620,50,6,1,4,1,0,0,0,0,0,0,0,0,0,0
CAMPO,2010,611691,7,2,1,1,0,0,0,0,0,0,0,0,0,0,0
CAMPO,2010,611699,12,2,1,0,1,0,0,0,0,0,0,0,0,0,0
CAMPO,2010,611710,44,4,3,0,0,1,0,0,0,0,0,0,0,0,0
CAMPO,2010,621111,850,42,24,6,6,4,0,0,0,1,0,0,0,0,0
CAMPO,2010,621112,6,4,4,0,0,0,0,0,0,0,0,0,0,0,0
CAMPO,2010,621210,301,36,6,17,12,0,0,0,0,0,0,0,0,0,0
CAMPO,2010,621310,56,14,11,2,0,1,0,0,0,0,0,0,0,0,0
CAMPO,2010,621320,26,4,2,1,1,0,0,0,0,0,0,0,0,0,0
CAMPO,2010,621330,13,9,9,0,0,0,0,0,0,0,0,0,0,0,0
CAMPO,2010,621340,64,11,5,4,2,0,0,0,0,0,0,0,0,0,0
CAMPO,2010,621391,7,2,1,1,0,0,0,0,0,0,0,0,0,0,0
CAMPO,2010,621399,2,2,2,0,0,0,0,0,0,0,0,0,0,0,0
CAMPO,2010,621420,8,1,0,1,0,0,0,0,0,0,0,0,0,0,0
CAMPO,2010,621492,30,1,0,0,0,1,0,0,0,0,0,0,0,0,0
CAMPO,2010,621498,0,0,0,0,0,0,0,0,0,0,0,0,0,0,0
CAMPO,2010,621511,7,2,1,1,0,0,0,0,0,0,0,0,0,0,0
CAMPO,2010,621610,131,4,1,1,0,1,1,0,0,0,0,0,0,0,0
CAMPO,2010,621910,16,1,0,0,1,0,0,0,0,0,0,0,0,0,0
CAMPO,2010,622110,1870,2,0,0,0,1,0,0,0,0,1,0,0,0,0
CAMPO,2010,623110,131,1,0,0,0,0,0,1,0,0,0,0,0,0,0
CAMPO,2010,623210,289,26,4,11,9,1,1,0,0,0,0,0,0,0,0
CAMPO,2010,623220,361,3,0,0,1,0,1,0,1,0,0,0,0,0,0
CAMPO,2010,623312,383,27,12,5,2,7,1,0,0,0,0,0,0,0,0
CAMPO,2010,623990,12,2,1,0,1,0,0,0,0,0,0,0,0,0,0
CAMPO,2010,624110,74,1,0,0,0,0,1,0,0,0,0,0,0,0,0
CAMPO,2010,624120,71,3,1,0,1,1,0,0,0,0,0,0,0,0,0
CAMPO,2010,624190,249,13,5,4,0,2,2,0,0,0,0,0,0,0,0
CAMPO,2010,624221,39,3,1,0,2,0,0,0,0,0,0,0,0,0,0
CAMPO,2010,624229,6,1,0,1,0,0,0,0,0,0,0,0,0,0,0
CAMPO,2010,624230,5,1,0,1,0,0,0,0,0,0,0,0,0,0,0
CAMPO,2010,624310,173,4,0,1,0,1,2,0,0,0,0,0,0,0,0
CAMPO,2010,624410,204,21,9,5,3,4,0,0,0,0,0,0,0,0,0
CAMPO,2010,711130,36,3,0,2,0,1,0,0,0,0,0,0,0,0,0
CAMPO,2010,711320,2,1,1,0,0,0,0,0,0,0,0,0,0,0,0
CAMPO,2010,711510,3,3,3,0,0,0,0,0,0,0,0,0,0,0,0
CAMPO,2010,712110,7,1,0,1,0,0,0,0,0,0,0,0,0,0,0
CAMPO,2010,712130,7,1,0,1,0,0,0,0,0,0,0,0,0,0,0
CAMPO,2010,712190,0,0,0,0,0,0,0,0,0,0,0,0,0,0,0
CAMPO,2010,713910,62,3,1,0,1,1,0,0,0,0,0,0,0,0,0
CAMPO,2010,713940,207,11,5,2,1,2,0,1,0,0,0,0,0,0,0
CAMPO,2010,713950,10,1,0,0,1,0,0,0,0,0,0,0,0,0,0
CAMPO,2010,713990,25,8,6,2,0,0,0,0,0,0,0,0,0,0,0
CAMPO,2010,721110,180,11,3,2,3,2,1,0,0,0,0,0,0,0,0
CAMPO,2010,721310,93,31,25,2,4,0,0,0,0,0,0,0,0,0,0
CAMPO,2010,722110,973,58,11,13,17,11,5,0,0,0,0,0,0,0,0
CAMPO,2010,722211,1044,57,6,5,26,19,0,0,0,0,0,0,0,0,0
CAMPO,2010,722212,39,2,0,0,1,1,0,0,0,0,0,0,0,0,0
CAMPO,2010,722213,245,20,5,4,8,3,0,0,0,0,0,0,0,0,0
CAMPO,2010,722310,144,4,0,1,1,1,1,0,0,0,0,0,0,0,0
CAMPO,2010,722320,47,2,0,0,1,1,0,0,0,0,0,0,0,0,0
CAMPO,2010,722330,1,1,1,0,0,0,0,0,0,0,0,0,0,0,0
CAMPO,2010,722410,105,7,1,3,2,0,1,0,0,0,0,0,0,0,0
CAMPO,2010,811111,70,17,11,6,0,0,0,0,0,0,0,0,0,0,0
CAMPO,2010,811113,3,1,1,0,0,0,0,0,0,0,0,0,0,0,0
CAMPO,2010,811118,5,1,0,1,0,0,0,0,0,0,0,0,0,0,0
CAMPO,2010,811121,19,2,1,0,1,0,0,0,0,0,0,0,0,0,0
CAMPO,2010,811122,11,4,4,0,0,0,0,0,0,0,0,0,0,0,0
CAMPO,2010,811191,10,1,0,0,1,0,0,0,0,0,0,0,0,0,0
CAMPO,2010,811192,23,6,5,0,1,0,0,0,0,0,0,0,0,0,0
CAMPO,2010,811219,0,0,0,0,0,0,0,0,0,0,0,0,0,0,0
CAMPO,2010,811310,3,2,2,0,0,0,0,0,0,0,0,0,0,0,0
CAMPO,2010,811412,6,1,0,1,0,0,0,0,0,0,0,0,0,0,0
CAMPO,2010,811420,5,2,2,0,0,0,0,0,0,0,0,0,0,0,0
CAMPO,2010,811490,4,2,2,0,0,0,0,0,0,0,0,0,0,0,0
CAMPO,2010,812111,2,1,1,0,0,0,0,0,0,0,0,0,0,0,0
CAMPO,2010,812112,156,17,8,4,4,1,0,0,0,0,0,0,0,0,0
CAMPO,2010,812199,13,3,1,2,0,0,0,0,0,0,0,0,0,0,0
CAMPO,2010,812210,8,2,1,1,0,0,0,0,0,0,0,0,0,0,0
CAMPO,2010,812220,5,1,0,1,0,0,0,0,0,0,0,0,0,0,0
CAMPO,2010,812320,25,2,1,0,0,1,0,0,0,0,0,0,0,0,0
CAMPO,2010,812910,34,4,2,0,1,1,0,0,0,0,0,0,0,0,0
CAMPO,2010,813110,416,64,39,12,7,5,1,0,0,0,0,0,0,0,0
CAMPO,2010,813211,129,8,7,0,0,0,0,1,0,0,0,0,0,0,0
CAMPO,2010,813219,7,2,2,0,0,0,0,0,0,0,0,0,0,0,0
CAMPO,2010,813311,9,4,4,0,0,0,0,0,0,0,0,0,0,0,0
CAMPO,2010,813312,57,8,4,1,3,0,0,0,0,0,0,0,0,0,0
CAMPO,2010,813410,59,6,2,2,1,1,0,0,0,0,0,0,0,0,0
CAMPO,2010,813910,15,6,5,1,0,0,0,0,0,0,0,0,0,0,0
CAMPO,2010,813930,17,4,2,2,0,0,0,0,0,0,0,0,0,0,0
CAMPO,2010,813940,0,0,0,0,0,0,0,0,0,0,0,0,0,0,0
CAMPO,2010,814110,58,50,50,0,0,0,0,0,0,0,0,0,0,0,0
CAMPO,2010,921140,1205,4,0,1,0,1,0,0,1,1,0,0,0,0,0
CAMPO,2010,922110,25,1,0,0,0,1,0,0,0,0,0,0,0,0,0
CAMPO,2010,922120,10,1,0,0,1,0,0,0,0,0,0,0,0,0,0
CAMPO,2010,922130,0,0,0,0,0,0,0,0,0,0,0,0,0,0,0
CAMPO,2010,922140,6,1,0,1,0,0,0,0,0,0,0,0,0,0,0
CAMPO,2010,922160,10,2,1,1,0,0,0,0,0,0,0,0,0,0,0
CAMPO,2010,923130,5,2,2,0,0,0,0,0,0,0,0,0,0,0,0
CAMPO,2010,924110,64,1,0,0,0,0,1,0,0,0,0,0,0,0,0
CAMPO,2010,924120,155,6,0,1,3,1,1,0,0,0,0,0,0,0,0
CAMPO,2010,926120,6,1,0,1,0,0,0,0,0,0,0,0,0,0,0
CAMPO,2010,926140,127,1,0,0,0,0,0,1,0,0,0,0,0,0,0
CAMPO,2010,999999,3,3,3,0,0,0,0,0,0,0,0,0,0,0,0
